{
 "3xf3b3": {
  "positive": 0.44921875, 
  "negative": 0.25390625
 }, 
 "3yaoei": {
  "positive": 0.5476402493321461, 
  "negative": 0.18967052537845058
 }, 
 "20rb3h": {
  "positive": 0.5779816513761468, 
  "negative": 0.17889908256880735
 }, 
 "6usqkd": {
  "positive": 0.6138888888888889, 
  "negative": 0.20555555555555555
 }, 
 "3ojmgw": {
  "positive": 0.5111876075731497, 
  "negative": 0.22375215146299485
 }, 
 "5wc9ds": {
  "positive": 0.5481283422459893, 
  "negative": 0.24732620320855614
 }, 
 "5crgly": {
  "positive": 0.5340599455040872, 
  "negative": 0.18256130790190736
 }, 
 "2j7m6z": {
  "positive": 0.46819787985865724, 
  "negative": 0.25618374558303886
 }, 
 "3cnb1v": {
  "positive": 0.5822784810126582, 
  "negative": 0.1801363193768257
 }, 
 "472ihj": {
  "positive": 0.5938461538461538, 
  "negative": 0.19384615384615383
 }, 
 "2q1sqd": {
  "positive": 0.5534591194968553, 
  "negative": 0.22431865828092243
 }, 
 "55nddo": {
  "positive": 0.49722735674676527, 
  "negative": 0.26062846580406657
 }, 
 "2jr1zp": {
  "positive": 0.5271317829457365, 
  "negative": 0.18604651162790697
 }, 
 "2qg5k0": {
  "positive": 0.4995383194829178, 
  "negative": 0.19667590027700832
 }, 
 "2gz391": {
  "positive": 0.5139442231075697, 
  "negative": 0.2788844621513944
 }, 
 "2bx1mq": {
  "positive": 0.5492957746478874, 
  "negative": 0.1790744466800805
 }, 
 "5aewid": {
  "positive": 0.48, 
  "negative": 0.2
 }, 
 "5zza4f": {
  "positive": 0.509090909090909, 
  "negative": 0.23272727272727273
 }, 
 "34mz81": {
  "positive": 0.5892857142857143, 
  "negative": 0.16071428571428573
 }, 
 "8abqct": {
  "positive": 0.5988455988455988, 
  "negative": 0.1645021645021645
 }, 
 "2n6vtm": {
  "positive": 0.46971307120085015, 
  "negative": 0.28374070138150903
 }, 
 "275dgy": {
  "positive": 0.5176470588235295, 
  "negative": 0.25588235294117645
 }, 
 "2l9qc9": {
  "positive": 0.5365853658536586, 
  "negative": 0.24390243902439024
 }, 
 "346elo": {
  "positive": 0.4791666666666667, 
  "negative": 0.25
 }, 
 "6as61i": {
  "positive": 0.4766355140186916, 
  "negative": 0.20794392523364486
 }, 
 "2fj2ix": {
  "positive": 0.4637096774193548, 
  "negative": 0.23790322580645162
 }, 
 "6d76aw": {
  "positive": 0.5411764705882353, 
  "negative": 0.20980392156862746
 }, 
 "3x32q3": {
  "positive": 0.5474794841735052, 
  "negative": 0.19577960140679954
 }, 
 "399btz": {
  "positive": 0.5, 
  "negative": 0.2564102564102564
 }, 
 "2nepsp": {
  "positive": 0.5636363636363636, 
  "negative": 0.16818181818181818
 }, 
 "7euk2l": {
  "positive": 0.5710691823899371, 
  "negative": 0.2138364779874214
 }, 
 "8jyqs3": {
  "positive": 0.5404157043879908, 
  "negative": 0.26674364896073904
 }, 
 "5nu0wq": {
  "positive": 0.42905405405405406, 
  "negative": 0.2533783783783784
 }, 
 "72urx4": {
  "positive": 0.524904214559387, 
  "negative": 0.16475095785440613
 }, 
 "8j1n7k": {
  "positive": 0.5443786982248521, 
  "negative": 0.21005917159763313
 }, 
 "8o9q2u": {
  "positive": 0.5313935681470138, 
  "negative": 0.20520673813169985
 }, 
 "3i9z0h": {
  "positive": 0.5893536121673004, 
  "negative": 0.1634980988593156
 }, 
 "464oxz": {
  "positive": 0.5342465753424658, 
  "negative": 0.21404109589041095
 }, 
 "40svk3": {
  "positive": 0.5404089581304771, 
  "negative": 0.22103213242453748
 }, 
 "37yhmz": {
  "positive": 0.442156862745098, 
  "negative": 0.29705882352941176
 }, 
 "3w22f9": {
  "positive": 0.5258215962441315, 
  "negative": 0.22535211267605634
 }, 
 "5jxp00": {
  "positive": 0.4794520547945205, 
  "negative": 0.26575342465753427
 }, 
 "2medrg": {
  "positive": 0.5559736594543744, 
  "negative": 0.2079021636876764
 }, 
 "3hz5yo": {
  "positive": 0.5729847494553377, 
  "negative": 0.24618736383442266
 }, 
 "7nmeay": {
  "positive": 0.5770750988142292, 
  "negative": 0.191699604743083
 }, 
 "3srykl": {
  "positive": 0.6186440677966102, 
  "negative": 0.211864406779661
 }, 
 "3g9noj": {
  "positive": 0.5304347826086957, 
  "negative": 0.17391304347826086
 }, 
 "5yp5ih": {
  "positive": 0.5089514066496164, 
  "negative": 0.21227621483375958
 }, 
 "3ixqcn": {
  "positive": 0.51, 
  "negative": 0.18714285714285714
 }, 
 "4nb8ge": {
  "positive": 0.4695121951219512, 
  "negative": 0.2545731707317073
 }, 
 "7ort2d": {
  "positive": 0.54, 
  "negative": 0.216
 }, 
 "3ddwxy": {
  "positive": 0.5942028985507246, 
  "negative": 0.21739130434782608
 }, 
 "3npa3w": {
  "positive": 0.4896907216494845, 
  "negative": 0.21391752577319587
 }, 
 "39ohvt": {
  "positive": 0.46130952380952384, 
  "negative": 0.25297619047619047
 }, 
 "3iifkz": {
  "positive": 0.5142857142857142, 
  "negative": 0.21523809523809523
 }, 
 "2nvwxd": {
  "positive": 0.5604838709677419, 
  "negative": 0.23387096774193547
 }, 
 "1ojq30": {
  "positive": 0.5652173913043478, 
  "negative": 0.18115942028985507
 }, 
 "59wd4q": {
  "positive": 0.5123839009287926, 
  "negative": 0.28328173374613
 }, 
 "1on33c": {
  "positive": 0.4375, 
  "negative": 0.2708333333333333
 }, 
 "5q4qir": {
  "positive": 0.596039603960396, 
  "negative": 0.21287128712871287
 }, 
 "3n0q5t": {
  "positive": 0.5506329113924051, 
  "negative": 0.17721518987341772
 }, 
 "6ahu86": {
  "positive": 0.6119760479041916, 
  "negative": 0.18802395209580838
 }, 
 "6gjbtv": {
  "positive": 0.5257510729613734, 
  "negative": 0.22317596566523606
 }, 
 "2q5g16": {
  "positive": 0.47418335089567965, 
  "negative": 0.20758693361433087
 }, 
 "21gmx6": {
  "positive": 0.5393939393939394, 
  "negative": 0.23030303030303031
 }, 
 "3b2q9x": {
  "positive": 0.4846153846153846, 
  "negative": 0.20192307692307693
 }, 
 "6vqny2": {
  "positive": 0.5424836601307189, 
  "negative": 0.21405228758169934
 }, 
 "2wozy6": {
  "positive": 0.5281501340482574, 
  "negative": 0.21983914209115282
 }, 
 "3jxiyo": {
  "positive": 0.625, 
  "negative": 0.15517241379310345
 }, 
 "6h7j6h": {
  "positive": 0.5130890052356021, 
  "negative": 0.2006980802792321
 }, 
 "3c6eus": {
  "positive": 0.5300668151447662, 
  "negative": 0.18930957683741648
 }, 
 "3e7q7q": {
  "positive": 0.51552210724365, 
  "negative": 0.22483537158984007
 }, 
 "61nxmo": {
  "positive": 0.5197505197505198, 
  "negative": 0.24532224532224534
 }, 
 "3qzcpv": {
  "positive": 0.5567685589519651, 
  "negative": 0.2205240174672489
 }, 
 "5jha96": {
  "positive": 0.4900662251655629, 
  "negative": 0.271523178807947
 }, 
 "3cq4z5": {
  "positive": 0.5250463821892394, 
  "negative": 0.17625231910946196
 }, 
 "94q9sb": {
  "positive": 0.48872180451127817, 
  "negative": 0.24812030075187969
 }, 
 "99fwir": {
  "positive": 0.5, 
  "negative": 0.21428571428571427
 }, 
 "369r59": {
  "positive": 0.5288135593220339, 
  "negative": 0.20903954802259886
 }, 
 "34d3tc": {
  "positive": 0.5028248587570622, 
  "negative": 0.1807909604519774
 }, 
 "5m00yw": {
  "positive": 0.554679802955665, 
  "negative": 0.24039408866995074
 }, 
 "9u6fmw": {
  "positive": 0.5182481751824818, 
  "negative": 0.23114355231143552
 }, 
 "7q6fgz": {
  "positive": 0.43947858472998136, 
  "negative": 0.25884543761638734
 }, 
 "2jymi4": {
  "positive": 0.5527272727272727, 
  "negative": 0.2290909090909091
 }, 
 "2k8dqb": {
  "positive": 0.5339805825242718, 
  "negative": 0.27184466019417475
 }, 
 "37taze": {
  "positive": 0.5191489361702127, 
  "negative": 0.2
 }, 
 "8laxfe": {
  "positive": 0.5571776155717761, 
  "negative": 0.21654501216545013
 }, 
 "3k7c30": {
  "positive": 0.5916230366492147, 
  "negative": 0.25654450261780104
 }, 
 "3q8stw": {
  "positive": 0.4697674418604651, 
  "negative": 0.17984496124031008
 }, 
 "3iusbi": {
  "positive": 0.5628865979381443, 
  "negative": 0.21030927835051547
 }, 
 "3eqjhw": {
  "positive": 0.544529262086514, 
  "negative": 0.18829516539440203
 }, 
 "1r41zn": {
  "positive": 0.4916467780429594, 
  "negative": 0.2935560859188544
 }, 
 "9q3clh": {
  "positive": 0.5822784810126582, 
  "negative": 0.21518987341772153
 }, 
 "3jgycg": {
  "positive": 0.41968911917098445, 
  "negative": 0.26424870466321243
 },